STRUCTURE,STRUCTURE_ID,STRUCTURE_NAME,ACTION,FREQ,Frequency,CLIMATE_CHANGE_INDICATORS,Climate Change Indicators,GEO_PICT,Pacific Island Countries and territories,TIME_PERIOD,Time,OBS_VALUE,Observation value,OBS_STATUS,Observation Status,UNIT_MEASURE,Unit of measure,ERROR_TYPE,Error type,ERROR_VAL,Error value,REPORTING_TYPE,Reporting Type,OBS_COMMENT,Comment
DATAFLOW,SPC:DF_CLIMATE_CHANGE(1.0),Climate Change indicators,I,A,Annual,SEA_LVL,Sea Level Anomalies,TV,Tuvalu,1993,,0,,,,METER,meter,,,,,N,National,,
DATAFLOW,SPC:DF_CLIMATE_CHANGE(1.0),Climate Change indicators,I,A,Annual,SEA_LVL,Sea Level Anomalies,TV,Tuvalu,1994,,0,,,,METER,meter,,,,,N,National,,
DATAFLOW,SPC:DF_CLIMATE_CHANGE(1.0),Climate Change indicators,I,A,Annual,SEA_LVL,Sea Level Anomalies,TV,Tuvalu,1995,,0,,,,METER,meter,,,,,N,National,,
DATAFLOW,SPC:DF_CLIMATE_CHANGE(1.0),Climate Change indicators,I,A,Annual,SEA_LVL,Sea Level Anomalies,TV,Tuvalu,1996,,0,,,,METER,meter,,,,,N,National,,
DATAFLOW,SPC:DF_CLIMATE_CHANGE(1.0),Climate Change indicators,I,A,Annual,SEA_LVL,Sea Level Anomalies,TV,Tuvalu,1997,,0,,,,METER,meter,,,,,N,National,,
DATAFLOW,SPC:DF_CLIMATE_CHANGE(1.0),Climate Change indicators,I,A,Annual,SEA_LVL,Sea Level Anomalies,TV,Tuvalu,1998,,-0.2,,,,METER,meter,,,,,N,National,,
DATAFLOW,SPC:DF_CLIMATE_CHANGE(1.0),Climate Change indicators,I,A,Annual,SEA_LVL,Sea Level Anomalies,TV,Tuvalu,1999,,0,,,,METER,meter,,,,,N,National,,
DATAFLOW,SPC:DF_CLIMATE_CHANGE(1.0),Climate Change indicators,I,A,Annual,SEA_LVL,Sea Level Anomalies,TV,Tuvalu,2000,,0,,,,METER,meter,,,,,N,National,,
DATAFLOW,SPC:DF_CLIMATE_CHANGE(1.0),Climate Change indicators,I,A,Annual,SEA_LVL,Sea Level Anomalies,TV,Tuvalu,2001,,0,,,,METER,meter,,,,,N,National,,
DATAFLOW,SPC:DF_CLIMATE_CHANGE(1.0),Climate Change indicators,I,A,Annual,SEA_LVL,Sea Level Anomalies,TV,Tuvalu,2002,,0.1,,,,METER,meter,,,,,N,National,,
DATAFLOW,SPC:DF_CLIMATE_CHANGE(1.0),Climate Change indicators,I,A,Annual,SEA_LVL,Sea Level Anomalies,TV,Tuvalu,2003,,0,,,,METER,meter,,,,,N,National,,
DATAFLOW,SPC:DF_CLIMATE_CHANGE(1.0),Climate Change indicators,I,A,Annual,SEA_LVL,Sea Level Anomalies,TV,Tuvalu,2004,,0.1,,,,METER,meter,,,,,N,National,,
DATAFLOW,SPC:DF_CLIMATE_CHANGE(1.0),Climate Change indicators,I,A,Annual,SEA_LVL,Sea Level Anomalies,TV,Tuvalu,2005,,0.1,,,,METER,meter,,,,,N,National,,
DATAFLOW,SPC:DF_CLIMATE_CHANGE(1.0),Climate Change indicators,I,A,Annual,SEA_LVL,Sea Level Anomalies,TV,Tuvalu,2006,,0.1,,,,METER,meter,,,,,N,National,,
DATAFLOW,SPC:DF_CLIMATE_CHANGE(1.0),Climate Change indicators,I,A,Annual,SEA_LVL,Sea Level Anomalies,TV,Tuvalu,2007,,0.1,,,,METER,meter,,,,,N,National,,
DATAFLOW,SPC:DF_CLIMATE_CHANGE(1.0),Climate Change indicators,I,A,Annual,SEA_LVL,Sea Level Anomalies,TV,Tuvalu,2008,,0.1,,,,METER,meter,,,,,N,National,,
DATAFLOW,SPC:DF_CLIMATE_CHANGE(1.0),Climate Change indicators,I,A,Annual,SEA_LVL,Sea Level Anomalies,TV,Tuvalu,2009,,0,,,,METER,meter,,,,,N,National,,
DATAFLOW,SPC:DF_CLIMATE_CHANGE(1.0),Climate Change indicators,I,A,Annual,SEA_LVL,Sea Level Anomalies,TV,Tuvalu,2010,,0,,,,METER,meter,,,,,N,National,,
DATAFLOW,SPC:DF_CLIMATE_CHANGE(1.0),Climate Change indicators,I,A,Annual,SEA_LVL,Sea Level Anomalies,TV,Tuvalu,2011,,0.1,,,,METER,meter,,,,,N,National,,
DATAFLOW,SPC:DF_CLIMATE_CHANGE(1.0),Climate Change indicators,I,A,Annual,SEA_LVL,Sea Level Anomalies,TV,Tuvalu,2012,,0,,,,METER,meter,,,,,N,National,,
DATAFLOW,SPC:DF_CLIMATE_CHANGE(1.0),Climate Change indicators,I,A,Annual,SEA_LVL,Sea Level Anomalies,TV,Tuvalu,2013,,0.1,,,,METER,meter,,,,,N,National,,
DATAFLOW,SPC:DF_CLIMATE_CHANGE(1.0),Climate Change indicators,I,A,Annual,SEA_LVL,Sea Level Anomalies,TV,Tuvalu,2014,,0.1,,,,METER,meter,,,,,N,National,,
DATAFLOW,SPC:DF_CLIMATE_CHANGE(1.0),Climate Change indicators,I,A,Annual,SEA_LVL,Sea Level Anomalies,TV,Tuvalu,2015,,0.1,,,,METER,meter,,,,,N,National,,
DATAFLOW,SPC:DF_CLIMATE_CHANGE(1.0),Climate Change indicators,I,A,Annual,SEA_LVL,Sea Level Anomalies,TV,Tuvalu,2016,,0,,,,METER,meter,,,,,N,National,,
DATAFLOW,SPC:DF_CLIMATE_CHANGE(1.0),Climate Change indicators,I,A,Annual,SEA_LVL,Sea Level Anomalies,TV,Tuvalu,2017,,0.1,,,,METER,meter,,,,,N,National,,
DATAFLOW,SPC:DF_CLIMATE_CHANGE(1.0),Climate Change indicators,I,A,Annual,SEA_LVL,Sea Level Anomalies,TV,Tuvalu,2018,,0.1,,,,METER,meter,,,,,N,National,,
DATAFLOW,SPC:DF_CLIMATE_CHANGE(1.0),Climate Change indicators,I,A,Annual,SEA_LVL,Sea Level Anomalies,TV,Tuvalu,2019,,0.1,,,,METER,meter,,,,,N,National,,
DATAFLOW,SPC:DF_CLIMATE_CHANGE(1.0),Climate Change indicators,I,A,Annual,SEA_LVL,Sea Level Anomalies,TV,Tuvalu,2020,,0.1,,,,METER,meter,,,,,N,National,,
DATAFLOW,SPC:DF_CLIMATE_CHANGE(1.0),Climate Change indicators,I,A,Annual,SEA_LVL,Sea Level Anomalies,TV,Tuvalu,2021,,0.1,,,,METER,meter,,,,,N,National,,
DATAFLOW,SPC:DF_CLIMATE_CHANGE(1.0),Climate Change indicators,I,A,Annual,SEA_LVL,Sea Level Anomalies,TV,Tuvalu,2022,,0.1,,,,METER,meter,,,,,N,National,,
DATAFLOW,SPC:DF_CLIMATE_CHANGE(1.0),Climate Change indicators,I,A,Annual,SEA_LVL,Sea Level Anomalies,TV,Tuvalu,2023,,0.1,,,,METER,meter,,,,,N,National,,
